{
	"options": {
		"title": "PieChart Example",
		"height": "350",
		"chartType": "PieChart",
		"titleTextStyle": {
			"fontName": "Trebuchet MS, Helvetica, sans-serif",
			"fontSize": "24"
		},
		"legend": {
			"textStyle": {
				"fontName": "lucida console",
				"fontSize": "12"
			},
			"position": "bottom"
		},
		"backgroundColor": {
			"stroke": "#055333",
			"strokeWidth": 0
		}
	},
	"values": [
		[
			"action",
			"hours per day"
		],
		[
			"sleep",
			8
		],
		[
			"not sleep",
			16
		]
	]
}

