{
	"options": {
		"title": "SteppedAreaChart Example",
		"height": "350",
		"chartType": "SteppedAreaChart",
		"titleTextStyle": {
			"fontName": "Trebuchet MS, Helvetica, sans-serif",
			"fontSize": "24"
		},
		"legend": {
			"textStyle": {
				"fontName": "lucida console",
				"fontSize": "12"
			},
			"position": "bottom"
		},
		"backgroundColor": {
			"stroke": "#055333",
			"strokeWidth": 0
		}
	},
	"values": [
		[
			"date",
			"user",
			"sys"
		],
		[
			"02/08/14 00:14:16",
			3,
			1
		],
		[
			"02/08/14 00:14:36",
			15,
			2
		],
		[
			"02/08/14 00:14:56",
			24,
			2
		],
		[
			"02/08/14 00:15:16",
			21,
			2
		],
		[
			"02/08/14 00:15:36",
			21,
			1
		],
		[
			"02/08/14 00:15:56",
			41,
			3
		],
		[
			"02/08/14 00:16:16",
			9,
			1
		],
		[
			"02/08/14 00:16:36",
			12,
			1
		],
		[
			"02/08/14 00:16:56",
			24,
			2
		],
		[
			"02/08/14 00:17:16",
			25,
			3
		],
		[
			"02/08/14 00:17:36",
			14,
			1
		],
		[
			"02/08/14 00:17:56",
			34,
			4
		],
		[
			"02/08/14 00:18:16",
			44,
			3
		],
		[
			"02/08/14 00:18:36",
			91,
			9
		],
		[
			"02/08/14 00:18:57",
			95,
			5
		],
		[
			"02/08/14 00:19:17",
			94,
			6
		],
		[
			"02/08/14 00:19:38",
			83,
			3
		],
		[
			"02/08/14 00:19:58",
			66,
			2
		],
		[
			"02/08/14 00:20:18",
			38,
			1
		],
		[
			"02/08/14 00:20:38",
			39,
			1
		],
		[
			"02/08/14 00:20:58",
			42,
			1
		],
		[
			"02/08/14 00:21:18",
			32,
			1
		],
		[
			"02/08/14 00:21:38",
			31,
			1
		],
		[
			"02/08/14 00:21:58",
			56,
			2
		],
		[
			"02/08/14 00:22:18",
			40,
			1
		],
		[
			"02/08/14 00:22:38",
			41,
			1
		],
		[
			"02/08/14 00:22:58",
			34,
			1
		],
		[
			"02/08/14 00:23:18",
			37,
			1
		],
		[
			"02/08/14 00:23:38",
			16,
			2
		],
		[
			"02/08/14 00:23:58",
			15,
			3
		],
		[
			"02/08/14 00:24:18",
			6,
			1
		],
		[
			"02/08/14 00:24:38",
			26,
			2
		],
		[
			"02/08/14 00:24:58",
			5,
			1
		],
		[
			"02/08/14 00:25:18",
			7,
			1
		],
		[
			"02/08/14 00:25:38",
			6,
			1
		],
		[
			"02/08/14 00:25:58",
			6,
			1
		],
		[
			"02/08/14 00:26:18",
			7,
			1
		],
		[
			"02/08/14 00:26:38",
			6,
			1
		],
		[
			"02/08/14 00:26:58",
			6,
			1
		],
		[
			"02/08/14 00:27:18",
			7,
			1
		],
		[
			"02/08/14 00:27:38",
			6,
			1
		],
		[
			"02/08/14 00:27:58",
			6,
			1
		],
		[
			"02/08/14 00:28:18",
			7,
			1
		],
		[
			"02/08/14 00:28:38",
			7,
			1
		],
		[
			"02/08/14 00:28:58",
			7,
			1
		],
		[
			"02/08/14 00:29:18",
			26,
			3
		],
		[
			"02/08/14 00:29:38",
			48,
			4
		],
		[
			"02/08/14 00:29:59",
			44,
			5
		],
		[
			"02/08/14 00:30:19",
			11,
			1
		],
		[
			"02/08/14 00:30:39",
			6,
			1
		],
		[
			"02/08/14 00:30:59",
			6,
			1
		],
		[
			"02/08/14 00:31:19",
			7,
			1
		],
		[
			"02/08/14 00:31:39",
			6,
			1
		],
		[
			"02/08/14 00:31:59",
			8,
			1
		],
		[
			"02/08/14 00:32:19",
			7,
			1
		],
		[
			"02/08/14 00:32:39",
			6,
			1
		],
		[
			"02/08/14 00:32:59",
			6,
			1
		],
		[
			"02/08/14 00:33:19",
			8,
			1
		],
		[
			"02/08/14 00:33:39",
			6,
			1
		],
		[
			"02/08/14 00:33:59",
			7,
			1
		],
		[
			"02/08/14 00:34:19",
			7,
			1
		],
		[
			"02/08/14 00:34:39",
			7,
			1
		],
		[
			"02/08/14 00:34:59",
			7,
			1
		],
		[
			"02/08/14 00:35:19",
			7,
			1
		],
		[
			"02/08/14 00:35:39",
			7,
			1
		],
		[
			"02/08/14 00:35:59",
			6,
			1
		],
		[
			"02/08/14 00:36:19",
			7,
			1
		],
		[
			"02/08/14 00:36:39",
			6,
			1
		],
		[
			"02/08/14 00:36:59",
			6,
			1
		],
		[
			"02/08/14 00:37:19",
			7,
			1
		],
		[
			"02/08/14 00:37:39",
			6,
			1
		],
		[
			"02/08/14 00:37:59",
			6,
			1
		],
		[
			"02/08/14 00:38:19",
			8,
			1
		],
		[
			"02/08/14 00:38:39",
			7,
			1
		],
		[
			"02/08/14 00:38:59",
			7,
			1
		],
		[
			"02/08/14 00:39:19",
			7,
			1
		],
		[
			"02/08/14 00:39:39",
			37,
			7
		],
		[
			"02/08/14 00:40:00",
			88,
			7
		],
		[
			"02/08/14 00:40:20",
			87,
			4
		],
		[
			"02/08/14 00:40:41",
			91,
			2
		],
		[
			"02/08/14 00:41:01",
			90,
			2
		],
		[
			"02/08/14 00:41:21",
			91,
			2
		],
		[
			"02/08/14 00:41:41",
			10,
			1
		],
		[
			"02/08/14 00:42:01",
			2,
			1
		],
		[
			"02/08/14 00:42:21",
			2,
			1
		],
		[
			"02/08/14 00:42:41",
			1,
			1
		],
		[
			"02/08/14 00:43:01",
			2,
			1
		],
		[
			"02/08/14 00:43:21",
			2,
			1
		],
		[
			"02/08/14 00:43:41",
			1,
			1
		],
		[
			"02/08/14 00:44:01",
			2,
			1
		],
		[
			"02/08/14 00:44:21",
			29,
			3
		],
		[
			"02/08/14 00:44:41",
			27,
			2
		],
		[
			"02/08/14 00:45:01",
			27,
			3
		],
		[
			"02/08/14 00:45:21",
			27,
			3
		],
		[
			"02/08/14 00:45:41",
			25,
			2
		],
		[
			"02/08/14 00:46:01",
			25,
			2
		],
		[
			"02/08/14 00:46:21",
			27,
			3
		],
		[
			"02/08/14 00:46:41",
			24,
			2
		],
		[
			"02/08/14 00:47:01",
			24,
			2
		],
		[
			"02/08/14 00:47:21",
			28,
			3
		],
		[
			"02/08/14 00:47:41",
			25,
			2
		],
		[
			"02/08/14 00:48:01",
			27,
			3
		],
		[
			"02/08/14 00:48:21",
			26,
			3
		],
		[
			"02/08/14 00:48:41",
			26,
			2
		],
		[
			"02/08/14 00:49:01",
			26,
			2
		],
		[
			"02/08/14 00:49:21",
			27,
			3
		],
		[
			"02/08/14 00:49:41",
			24,
			2
		],
		[
			"02/08/14 00:50:01",
			27,
			2
		],
		[
			"02/08/14 00:50:21",
			43,
			5
		],
		[
			"02/08/14 00:50:42",
			64,
			5
		],
		[
			"02/08/14 00:51:02",
			62,
			5
		],
		[
			"02/08/14 00:51:22",
			28,
			3
		],
		[
			"02/08/14 00:51:42",
			34,
			2
		],
		[
			"02/08/14 00:52:02",
			29,
			2
		],
		[
			"02/08/14 00:52:22",
			31,
			3
		],
		[
			"02/08/14 00:52:42",
			27,
			4
		],
		[
			"02/08/14 00:53:02",
			17,
			2
		],
		[
			"02/08/14 00:53:22",
			3,
			1
		],
		[
			"02/08/14 00:53:42",
			2,
			1
		]
	]
}

